{"avg_loss": -0.993691718997285, "_timestamp": 1671812452.7435744, "_runtime": 8521.167974472046, "_step": 74, "cc_loss": 0.9082623720169067, "kldiv_loss": 0.1994982361793518, "nss_loss": 1.682717204093933, "sim_loss": 0.7980175018310547}