{"avg_loss": -0.9940812403020768, "_timestamp": 1672344009.9557574, "_runtime": 8465.522388458252, "_step": 74, "cc_loss": 0.9086556434631348, "kldiv_loss": 0.19893363118171692, "nss_loss": 1.6831040382385254, "sim_loss": 0.7983595132827759, "_wandb": {"runtime": 8465}}