{"avg_loss": -0.9891738516454118, "_timestamp": 1672607884.8087327, "_runtime": 8349.550285816193, "_step": 74, "cc_loss": 0.9067996144294739, "kldiv_loss": 0.20281897485256195, "nss_loss": 1.6803159713745117, "sim_loss": 0.796346127986908, "_wandb": {"runtime": 8350}}