{"avg_loss": -0.9945512890054015, "_timestamp": 1672327106.8190262, "_runtime": 8499.36676812172, "_step": 74, "cc_loss": 0.9087859392166138, "kldiv_loss": 0.19851258397102356, "nss_loss": 1.6828515529632568, "sim_loss": 0.797508955001831, "_wandb": {"runtime": 8498}}