{"avg_loss": -0.993431820656164, "_timestamp": 1671820940.4018984, "_runtime": 8483.747427463531, "_step": 74, "cc_loss": 0.8871954679489136, "kldiv_loss": 0.23152723908424377, "nss_loss": 1.6412246227264404, "sim_loss": 0.7777433395385742}