{"avg_loss": -0.9895251696102154, "_timestamp": 1672377586.8639781, "_runtime": 8388.472021102905, "_step": 74, "cc_loss": 0.9069170951843262, "kldiv_loss": 0.20170581340789795, "nss_loss": 1.6803820133209229, "sim_loss": 0.7965787053108215, "_wandb": {"runtime": 8388}}