{"avg_loss": -0.989517194013626, "_timestamp": 1672369189.330451, "_runtime": 8266.391057014465, "_step": 74, "cc_loss": 0.9067634344100952, "kldiv_loss": 0.20193423330783844, "nss_loss": 1.6803697347640991, "sim_loss": 0.7961112856864929, "_wandb": {"runtime": 8265}}