{"avg_loss": -0.9864953398323668, "_timestamp": 1671724657.577849, "_runtime": 8383.454083919525, "_step": 74, "cc_loss": 0.6548592448234558, "kldiv_loss": 0.5664145350456238, "nss_loss": 1.201914668083191, "sim_loss": 0.614977240562439, "_wandb": {"runtime": 8384}}