{"avg_loss": -0.9953314848601247, "_timestamp": 1671721298.7486608, "_runtime": 8047.917848825455, "_step": 74, "cc_loss": 0.9052896499633789, "kldiv_loss": 0.20413607358932495, "nss_loss": 1.6753333806991577, "sim_loss": 0.79324871301651}