{"avg_loss": -0.9935537530972173, "_timestamp": 1671713246.0911994, "_runtime": 7998.788051366806, "_step": 74, "cc_loss": 0.90809565782547, "kldiv_loss": 0.19986166059970856, "nss_loss": 1.682012677192688, "sim_loss": 0.7972639799118042}