{"avg_loss": -0.9896464694422274, "_timestamp": 1672335955.5167878, "_runtime": 8387.683010816574, "_step": 74, "cc_loss": 0.9068735837936401, "kldiv_loss": 0.2021017223596573, "nss_loss": 1.680343747138977, "sim_loss": 0.7964125275611877, "_wandb": {"runtime": 8387}}