{"avg_loss": -0.9899592511950971, "_timestamp": 1672327559.5474906, "_runtime": 8303.070204496384, "_step": 74, "cc_loss": 0.9070513248443604, "kldiv_loss": 0.20179693400859833, "nss_loss": 1.6806995868682861, "sim_loss": 0.7967492341995239, "_wandb": {"runtime": 8302}}