{"avg_loss": -0.9963472915914493, "_timestamp": 1671741271.1055114, "_runtime": 8265.381258487701, "_step": 74, "cc_loss": 0.8797453045845032, "kldiv_loss": 0.2611325979232788, "nss_loss": 1.6249922513961792, "sim_loss": 0.7520954608917236, "_wandb": {"runtime": 8264}}