{"avg_loss": -0.9896518146268095, "_timestamp": 1672344304.675096, "_runtime": 8340.227057933807, "_step": 74, "cc_loss": 0.9068568348884583, "kldiv_loss": 0.2030622810125351, "nss_loss": 1.6805062294006348, "sim_loss": 0.796469509601593, "_wandb": {"runtime": 8339}}