{"avg_loss": -0.9892767010786282, "_timestamp": 1671716263.4472415, "_runtime": 8591.010600566864, "_step": 74, "cc_loss": 0.9061979055404663, "kldiv_loss": 0.2031552493572235, "nss_loss": 1.6792466640472412, "sim_loss": 0.7956162691116333, "_wandb": {"runtime": 8590}}