{"avg_loss": -0.7572894517225198, "_timestamp": 1671704840.130624, "_runtime": 325.91173696517944, "_step": 0}