{"avg_loss": -0.994248700408509, "_timestamp": 1671732997.3539677, "_runtime": 8329.746710777283, "_step": 74, "cc_loss": 0.9003212451934814, "kldiv_loss": 0.21437180042266846, "nss_loss": 1.6674777269363403, "sim_loss": 0.785093367099762, "_wandb": {"runtime": 8329}}