{"avg_loss": -0.9960702933823339, "_timestamp": 1671737374.0974436, "_runtime": 8043.396605491638, "_step": 74, "cc_loss": 0.9039590358734131, "kldiv_loss": 0.20781515538692474, "nss_loss": 1.6722159385681152, "sim_loss": 0.7888522148132324}