{"avg_loss": -0.99424489294759, "_timestamp": 1672335534.618341, "_runtime": 8417.526752948761, "_step": 74, "cc_loss": 0.9086835980415344, "kldiv_loss": 0.1985902339220047, "nss_loss": 1.683013677597046, "sim_loss": 0.7985185980796814, "_wandb": {"runtime": 8417}}