{"avg_loss": -0.9936032030529107, "_timestamp": 1672624776.9813807, "_runtime": 8334.303031682968, "_step": 74, "cc_loss": 0.9082655906677246, "kldiv_loss": 0.198685422539711, "nss_loss": 1.6827359199523926, "sim_loss": 0.7982187867164612, "_wandb": {"runtime": 8333}}