{"avg_loss": -0.9934883079589746, "_timestamp": 1671758169.7581728, "_runtime": 8545.140791654587, "_step": 74, "cc_loss": 0.9031577110290527, "kldiv_loss": 0.2094174474477768, "nss_loss": 1.669561505317688, "sim_loss": 0.7868244051933289, "_wandb": {"runtime": 8544}}