{"avg_loss": -0.9890913919518931, "_timestamp": 1672624503.8387492, "_runtime": 8288.20236825943, "_step": 74, "cc_loss": 0.9068453907966614, "kldiv_loss": 0.2024649679660797, "nss_loss": 1.6802077293395996, "sim_loss": 0.7961413264274597, "_wandb": {"runtime": 8289}}