{"avg_loss": -0.9939992385931289, "_timestamp": 1672352452.808681, "_runtime": 8432.586970090866, "_step": 74, "cc_loss": 0.9084880352020264, "kldiv_loss": 0.19898681342601776, "nss_loss": 1.6827846765518188, "sim_loss": 0.7979763746261597, "_wandb": {"runtime": 8432}}