{"avg_loss": -0.9893655163792375, "_timestamp": 1672360914.2784264, "_runtime": 8260.149480342865, "_step": 74, "cc_loss": 0.9063757658004761, "kldiv_loss": 0.20380960404872894, "nss_loss": 1.679370641708374, "sim_loss": 0.795663058757782, "_wandb": {"runtime": 8259}}