{"avg_loss": -0.9949977119890646, "_timestamp": 1671729327.4276512, "_runtime": 8025.244900226593, "_step": 74, "cc_loss": 0.9078522324562073, "kldiv_loss": 0.19942040741443634, "nss_loss": 1.6810529232025146, "sim_loss": 0.7974982261657715}