{"avg_loss": -0.9932281835772359, "_timestamp": 1672616429.8979273, "_runtime": 8361.700181245804, "_step": 74, "cc_loss": 0.908166766166687, "kldiv_loss": 0.2001168429851532, "nss_loss": 1.682120680809021, "sim_loss": 0.7974293828010559, "_wandb": {"runtime": 8362}}