{"avg_loss": -0.9895159267008115, "_timestamp": 1672352644.6850355, "_runtime": 8332.10466337204, "_step": 74, "cc_loss": 0.9066682457923889, "kldiv_loss": 0.20285461843013763, "nss_loss": 1.6799784898757935, "sim_loss": 0.795913577079773, "_wandb": {"runtime": 8331}}