{"avg_loss": -0.9943678177202853, "_timestamp": 1671749612.103713, "_runtime": 8332.716042995453, "_step": 74, "cc_loss": 0.901985228061676, "kldiv_loss": 0.21641020476818085, "nss_loss": 1.6703459024429321, "sim_loss": 0.7848761677742004, "_wandb": {"runtime": 8334}}