{"avg_loss": -0.9935277306233732, "_timestamp": 1672608058.6297345, "_runtime": 8376.175158500671, "_step": 74, "cc_loss": 0.9082830548286438, "kldiv_loss": 0.19937165081501007, "nss_loss": 1.6826019287109375, "sim_loss": 0.7982815504074097, "_wandb": {"runtime": 8375}}