{"avg_loss": -0.9893293470239487, "_timestamp": 1672632733.6266048, "_runtime": 8219.304547786713, "_step": 74, "cc_loss": 0.9067742228507996, "kldiv_loss": 0.20265930891036987, "nss_loss": 1.6799499988555908, "sim_loss": 0.7956468462944031, "_wandb": {"runtime": 8220}}