{"avg_loss": -0.989141004534956, "_timestamp": 1672616206.3789368, "_runtime": 8310.537613868713, "_step": 74, "cc_loss": 0.9064879417419434, "kldiv_loss": 0.20316356420516968, "nss_loss": 1.6797971725463867, "sim_loss": 0.7960535287857056, "_wandb": {"runtime": 8310}}